store_id,store_name,miles_from_hub
STR_0000,Mariano's - Oak Park #0,5.661374616365533
STR_0001,Target - Oak Park #1,6.47619156560352
STR_0002,Jewel-Osco - Lincoln Park #2,36.4899415212835
STR_0003,Jewel-Osco - Lincoln Park #3,25.545151975935404
STR_0004,Mariano's - Lincoln Park #4,18.952356425598083
STR_0005,Jewel-Osco - Oak Park #5,21.777248630471938
STR_0006,Mariano's - Evanston #6,35.534668993016055
STR_0007,Jewel-Osco - Lincoln Park #7,31.648057841686086
STR_0008,Mariano's - Evanston #8,22.039619501631947
STR_0009,Target - Lincoln Park #9,44.69937161091802
STR_0010,Target - Oak Park #10,41.87654896888783
STR_0011,Mariano's - Lincoln Park #11,13.892142628993085
STR_0012,Mariano's - Schaumburg #12,7.57669345081613
STR_0013,Mariano's - Lincoln Park #13,30.736398991330528
STR_0014,Target - Schaumburg #14,17.71786907316382
STR_0015,Target - Naperville #15,42.85095990698788
STR_0016,Target - Evanston #16,25.017711543356093
STR_0017,Jewel-Osco - Schaumburg #17,28.283027478677198
STR_0018,Jewel-Osco - Schaumburg #18,14.468705890198308
STR_0019,Jewel-Osco - Oak Park #19,38.271907143336364
STR_0020,Target - Schaumburg #20,12.932906476567068
STR_0021,Mariano's - Naperville #21,11.360919480861789
STR_0022,Mariano's - Lincoln Park #22,31.244979897989225
STR_0023,Mariano's - Evanston #23,5.989768688791917
STR_0024,Mariano's - Schaumburg #24,35.518937394812426
STR_0025,Mariano's - Naperville #25,14.926826209129157
STR_0026,Target - Lincoln Park #26,7.991411978667098
STR_0027,Target - Lincoln Park #27,36.173549876632315
STR_0028,Target - Aurora #28,16.989247393723087
STR_0029,Mariano's - Oak Park #29,25.736310222328747
STR_0030,Target - Naperville #30,22.947561865211643
STR_0031,Mariano's - Lincoln Park #31,26.89292565764521
STR_0032,Jewel-Osco - Evanston #32,24.801567845572748
STR_0033,Mariano's - Naperville #33,17.42806102509109
STR_0034,Mariano's - Evanston #34,8.723760591646235
STR_0035,Jewel-Osco - Oak Park #35,22.935388943621263
STR_0036,Jewel-Osco - Evanston #36,33.7566915130619
STR_0037,Jewel-Osco - Lincoln Park #37,7.235979747531607
STR_0038,Target - Naperville #38,23.310700541034155
STR_0039,Jewel-Osco - Oak Park #39,36.86299233646373
STR_0040,Mariano's - Naperville #40,36.19938080121651
STR_0041,Jewel-Osco - Evanston #41,7.055759553249614
STR_0042,Target - Oak Park #42,14.05132981128185
STR_0043,Jewel-Osco - Evanston #43,22.479077945207955
STR_0044,Target - Schaumburg #44,7.491654751977754
STR_0045,Jewel-Osco - Schaumburg #45,6.479003694227807
STR_0046,Target - Schaumburg #46,12.21590824618064
STR_0047,Mariano's - Lincoln Park #47,36.23007432119988
STR_0048,Mariano's - Oak Park #48,30.269864774567758
STR_0049,Target - Evanston #49,27.315841980944903
